{"Position":{"x":-0.20000030100345612,"y":-38.40007400512695,"z":0.0},"Gold":966,"Experience":0,"Difficulty":1,"Name":"Character","ItemAmounts":[30,0,3,5,6,1,12,17]}